meeting_date,meeting_type
2026-09-10,monetary_policy
2026-10-29,monetary_policy
2026-12-17,monetary_policy
2027-02-04,monetary_policy
2027-03-18,monetary_policy
2027-04-29,monetary_policy
2027-06-10,monetary_policy
2027-07-22,monetary_policy
2027-09-09,monetary_policy
2027-10-28,monetary_policy
2027-12-16,monetary_policy
2028-02-03,monetary_policy
2028-03-23,monetary_policy
2028-05-04,monetary_policy
2028-06-08,monetary_policy
2028-07-20,monetary_policy
2028-09-07,monetary_policy
2028-10-12,monetary_policy
2028-12-07,monetary_policy
